family,genus,species,N
Sapindaceae,Acer,Acer campestre,4665
Sapindaceae,Acer,Acer platanoides,3682
Sapindaceae,Acer,Acer pseudoplatanus,39629
Asteraceae,Achillea,Achillea millefolium,97045
Asteraceae,Achillea,Achillea ptarmica,11719
Ranunculaceae,Actaea,Actaea spicata,982
Viburnaceae,Adoxa,Adoxa moschatellina,796
Rosaceae,Agrimonia,Agrimonia eupatoria,7072
Rosaceae,Agrimonia,Agrimonia procera,318
Poaceae,Agrostis,Agrostis canina,21030
Poaceae,Agrostis,Agrostis capillaris,199457
Poaceae,Agrostis,Agrostis gigantea,18432
Poaceae,Agrostis,Agrostis stolonifera,138584
Poaceae,Agrostis,Agrostis vinealis,4794
Poaceae,Aira,Aira caryophyllea,2531
Poaceae,Aira,Aira praecox,10981
Lamiaceae,Ajuga,Ajuga pyramidalis,174
Lamiaceae,Ajuga,Ajuga reptans,8895
Rosaceae,Alchemilla,Alchemilla vulgaris,203
Rosaceae,Alchemilla,Alchemilla vulgaris,203
Rosaceae,Alchemilla,Alchemilla glabra,825
Rosaceae,Alchemilla,Alchemilla glaucescens,546
Rosaceae,Alchemilla,Alchemilla micans,156
Rosaceae,Alchemilla,Alchemilla monticola,24
Rosaceae,Alchemilla,Alchemilla subcrenata,9
Rosaceae,Alchemilla,Alchemilla xanthochlora,468
Alismataceae,Alisma,Alisma gramineum,4
Alismataceae,Alisma,Alisma lanceolatum,58
Alismataceae,Alisma,Alisma plantago-aquatica,18001
Brassicaceae,Alliaria,Alliaria petiolata,8496
Amaryllidaceae,Allium,Allium carinatum,35
Amaryllidaceae,Allium,Allium oleraceum,3329
Amaryllidaceae,Allium,Allium schoenoprasum,412
Amaryllidaceae,Allium,Allium scorodoprasum,2191
Amaryllidaceae,Allium,Allium ursinum,2321
Amaryllidaceae,Allium,Allium vineale,2781
Betulaceae,Alnus,Alnus glutinosa,72022
Poaceae,Alopecurus,Alopecurus aequalis,108
Poaceae,Alopecurus,Alopecurus arundinaceus,21
Poaceae,Alopecurus,Alopecurus geniculatus,34613
Poaceae,Alopecurus,Alopecurus pratensis,26258
Malvaceae,Althaea,Althaea officinalis,295
Orchidaceae,Anacamptis,Anacamptis morio,260
Orchidaceae,Anacamptis,Anacamptis pyramidalis,123
Ericaceae,Andromeda,Andromeda polifolia,7610
Ranunculaceae,Anemone,Anemone nemorosa,18996
Ranunculaceae,Anemone,Anemone ranunculoides,2523
Apiaceae,Angelica,Angelica sylvestris,43996
Asteraceae,Antennaria,Antennaria dioica,447
Asparagaceae,Anthericum,Anthericum liliago,23
Asparagaceae,Anthericum,Anthericum ramosum,147
Poaceae,Anthoxanthum,Anthoxanthum odoratum,67898
Apiaceae,Anthriscus,Anthriscus sylvestris,52598
Fabaceae,Anthyllis,Anthyllis vulneraria,8876
Apiaceae,Apium,Apium graveolens,374
Brassicaceae,Arabidopsis,Arabidopsis arenosa,105
Brassicaceae,Arabidopsis,Arabidopsis thaliana,2262
Brassicaceae,Arabis,Arabis hirsuta,1505
Asteraceae,Arctium,Arctium nemorosum,1290
Ericaceae,Arctostaphylos,Arctostaphylos uva-ursi,832
Caryophyllaceae,Arenaria,Arenaria serpyllifolia,5701
Rosaceae,Argentina,Argentina anserina,69583
Plumbaginaceae,Armeria,Armeria maritima,19854
Plumbaginaceae,Armeria,Armeria maritima,19854
Asteraceae,Arnica,Arnica montana,2687
Poaceae,Arrhenatherum,Arrhenatherum elatius,64413
Asteraceae,Artemisia,Artemisia campestris,10690
Asteraceae,Artemisia,Artemisia maritima,7305
Asteraceae,Artemisia,Artemisia vulgaris,18243
Araceae,Arum,Arum cylindraceum,1119
Asparagaceae,Asparagus,Asparagus officinalis,1172
Aspleniaceae,Asplenium,Asplenium adiantum-nigrum,18
Aspleniaceae,Asplenium,Asplenium ruta-muraria,76
Aspleniaceae,Asplenium,Asplenium scolopendrium,69
Aspleniaceae,Asplenium,Asplenium septentrionale,28
Aspleniaceae,Asplenium,Asplenium quadrivalens,15
Aspleniaceae,Asplenium,Asplenium trichomanes,69
Fabaceae,Astragalus,Astragalus danicus,275
Fabaceae,Astragalus,Astragalus glycyphyllos,2161
Athyriaceae,Athyrium,Athyrium filix-femina,10345
Amaranthaceae,Atriplex,Atriplex calotheca,429
Amaranthaceae,Atriplex,Atriplex glabriuscula,683
Amaranthaceae,Atriplex,Atriplex laciniata,75
Amaranthaceae,Atriplex,Atriplex littoralis,8531
Amaranthaceae,Halimione,Halimione pedunculata,900
Amaranthaceae,Atriplex,Atriplex prostrata,13556
Poaceae,Avenella,Avenella flexuosa,224142
Poaceae,Helictochloa,Helictochloa pratensis,14918
Poaceae,Avenula,Avenula pubescens,5741
Alismataceae,Baldellia,Baldellia ranunculoides,219
Alismataceae,Baldellia,Baldellia repens,1
Brassicaceae,Barbarea,Barbarea stricta,556
Asteraceae,Bellis,Bellis perennis,27757
Apiaceae,Berula,Berula erecta,26867
Lamiaceae,Betonica,Betonica officinalis,24
Betulaceae,Betula,Betula pendula,37228
Betulaceae,Betula,Betula pubescens,73654
Asteraceae,Bidens,Bidens cernua,3735
Asteraceae,Bidens,Bidens radiata,4
Asteraceae,Bidens,Bidens tripartita,5931
Polygonaceae,Bistorta,Bistorta vivipara,1
Cyperaceae,Blysmus,Blysmus compressus,1669
Cyperaceae,Blysmus,Blysmus rufus,570
Ophioglossaceae,Botrychium,Botrychium lunaria,445
Ophioglossaceae,Botrychium,Botrychium matricariifolium,12
Ophioglossaceae,Sceptridium,Sceptridium multifidum,175
Ophioglossaceae,Botrychium,Botrychium simplex,112
Poaceae,Brachypodium,Brachypodium pinnatum,53
Poaceae,Brachypodium,Brachypodium sylvaticum,6026
Poaceae,Briza,Briza media,12688
Poaceae,Bromus,Bromus benekenii,352
Poaceae,Bromus,Bromus ramosus,1157
Poaceae,Bromus,Bromus hordeaceus,23801
Poaceae,Bromus,Bromus hordeaceus,23801
Poaceae,Bromus,Bromus racemosus,56
Apiaceae,Bupleurum,Bupleurum tenuissimum,440
Butomaceae,Butomus,Butomus umbellatus,1366
Brassicaceae,Cakile,Cakile maritima,3425
Brassicaceae,Cakile,Cakile maritima,3425
Poaceae,Calamagrostis,Calamagrostis arundinacea,967
Poaceae,Calamagrostis,Calamagrostis canescens,33966
Poaceae,Calamagrostis,Calamagrostis epigejos,23733
Poaceae,Achnatherum,Achnatherum calamagrostis,18
Araceae,Calla,Calla palustris,1807
Plantaginaceae,Callitriche,Callitriche brutia,6
Plantaginaceae,Callitriche,Callitriche cophocarpa,129
Plantaginaceae,Callitriche,Callitriche hamulata,456
Plantaginaceae,Callitriche,Callitriche hermaphroditica,29
Plantaginaceae,Callitriche,Callitriche palustris,49
Plantaginaceae,Callitriche,Callitriche platycarpa,1206
Plantaginaceae,Callitriche,Callitriche stagnalis,462
Ericaceae,Calluna,Calluna vulgaris,224764
Ranunculaceae,Caltha,Caltha palustris,29092
Ranunculaceae,Caltha,Caltha palustris,29092
Convolvulaceae,Calystegia,Calystegia sepium,15347
Convolvulaceae,Calystegia,Calystegia soldanella,108
Campanulaceae,Campanula,Campanula glomerata,361
Campanulaceae,Campanula,Campanula latifolia,383
Campanulaceae,Campanula,Campanula persicifolia,1157
Campanulaceae,Campanula,Campanula rotundifolia,39221
Campanulaceae,Campanula,Campanula trachelium,1410
Brassicaceae,Cardamine,Cardamine amara,13608
Brassicaceae,Cardamine,Cardamine bulbifera,1423
Brassicaceae,Cardamine,Cardamine flexuosa,1200
Brassicaceae,Cardamine,Cardamine impatiens,58
Brassicaceae,Cardamine,Cardamine pratensis,33260
Brassicaceae,Cardamine,Cardamine pratensis,33260
Cyperaceae,Carex,Carex acuta,6530
Cyperaceae,Carex,Carex acutiformis,38514
Cyperaceae,Carex,Carex appropinquata,1791
Cyperaceae,Carex,Carex arenaria,115729
Cyperaceae,Carex,Carex buxbaumii,27
Cyperaceae,Carex,Carex canescens,13779
Cyperaceae,Carex,Carex caryophyllea,3625
Cyperaceae,Carex,Carex cespitosa,2263
Cyperaceae,Carex,Carex chordorrhiza,13
Cyperaceae,Carex,Carex colchica,106
Cyperaceae,Carex,Carex demissa,3211
Cyperaceae,Carex,Carex diandra,3332
Cyperaceae,Carex,Carex digitata,425
Cyperaceae,Carex,Carex dioica,514
Cyperaceae,Carex,Carex distans,3752
Cyperaceae,Carex,Carex disticha,42062
Cyperaceae,Carex,Carex leersii,429
Cyperaceae,Carex,Carex echinata,11754
Cyperaceae,Carex,Carex elata,16412
Cyperaceae,Carex,Carex elongata,2570
Cyperaceae,Carex,Carex ericetorum,204
Cyperaceae,Carex,Carex extensa,650
Cyperaceae,Carex,Carex flacca,20953
Cyperaceae,Carex,Carex flava,421
Cyperaceae,Carex,Carex hartmaniorum,16
Cyperaceae,Carex,Carex hirta,40244
Cyperaceae,Carex,Carex hostiana,791
Cyperaceae,Carex,Carex lasiocarpa,6036
Cyperaceae,Carex,Carex lepidocarpa,2343
Cyperaceae,Carex,Carex leporina,18810
Cyperaceae,Carex,Carex limosa,438
Cyperaceae,Carex,Carex maritima,3
Cyperaceae,Carex,Carex montana,214
Cyperaceae,Carex,Carex nigra,124553
Cyperaceae,Carex,Carex oederi,2813
Cyperaceae,Carex,Carex oederi,2813
Cyperaceae,Carex,Carex otrubae,7104
Cyperaceae,Carex,Carex pairae,2798
Cyperaceae,Carex,Carex pallescens,1267
Cyperaceae,Carex,Carex panicea,38846
Cyperaceae,Carex,Carex paniculata,33985
Cyperaceae,Carex,Carex pauciflora,1
Cyperaceae,Carex,Carex pendula,329
Cyperaceae,Carex,Carex pilulifera,35474
Cyperaceae,Carex,Carex pseudocyperus,14711
Cyperaceae,Carex,Carex pulicaris,998
Cyperaceae,Carex,Carex remota,10465
Cyperaceae,Carex,Carex riparia,4677
Cyperaceae,Carex,Carex rostrata,71096
Cyperaceae,Carex,Carex spicata,3407
Cyperaceae,Carex,Carex strigosa,423
Cyperaceae,Carex,Carex sylvatica,9245
Cyperaceae,Carex,Carex trinervis,194
Cyperaceae,Carex,Carex vesicaria,7941
Cyperaceae,Carex,Carex vulpina,243
Asteraceae,Carlina,Carlina vulgaris,3159
Betulaceae,Carpinus,Carpinus betulus,3903
Apiaceae,Carum,Carum carvi,697
Poaceae,Catabrosa,Catabrosa aquatica,734
Asteraceae,Centaurea,Centaurea jacea,17660
Asteraceae,Centaurea,Centaurea pseudophrygia,198
Asteraceae,Centaurea,Centaurea scabiosa,10359
Gentianaceae,Centaurium,Centaurium erythraea,2104
Gentianaceae,Centaurium,Centaurium littorale,1427
Gentianaceae,Centaurium,Centaurium littorale,1427
Gentianaceae,Centaurium,Centaurium pulchellum,947
Orchidaceae,Cephalanthera,Cephalanthera damasonium,222
Orchidaceae,Cephalanthera,Cephalanthera longifolia,81
Orchidaceae,Cephalanthera,Cephalanthera rubra,90
Caryophyllaceae,Cerastium,Cerastium brachypetalum,29
Caryophyllaceae,Cerastium,Cerastium diffusum,355
Caryophyllaceae,Cerastium,Cerastium holosteoides,72924
Caryophyllaceae,Cerastium,Cerastium glomeratum,1758
Caryophyllaceae,Cerastium,Cerastium glutinosum,207
Caryophyllaceae,Cerastium,Cerastium semidecandrum,7333
Caryophyllaceae,Cerastium,Cerastium subtetrandrum,15
Papaveraceae,Ceratocapnos,Ceratocapnos claviculata,1354
Ceratophyllaceae,Ceratophyllum,Ceratophyllum demersum,2613
Ceratophyllaceae,Ceratophyllum,Ceratophyllum submersum,2816
Apiaceae,Chaerophyllum,Chaerophyllum temulum,3557
Onagraceae,Chamaenerion,Chamaenerion angustifolium,23954
Ericaceae,Chimaphila,Chimaphila umbellata,16
Saxifragaceae,Chrysosplenium,Chrysosplenium alternifolium,2976
Saxifragaceae,Chrysosplenium,Chrysosplenium oppositifolium,3395
Apiaceae,Cicuta,Cicuta virosa,5702
Onagraceae,Circaea,Circaea alpina,106
Onagraceae,Circaea,Circaea lutetiana,11820
Asteraceae,Cirsium,Cirsium acaule,4218
Asteraceae,Cirsium,Cirsium arvense,85970
Asteraceae,Cirsium,Cirsium heterophyllum,132
Asteraceae,Cirsium,Cirsium oleraceum,24337
Asteraceae,Cirsium,Cirsium palustre,92101
Asteraceae,Cirsium,Cirsium vulgare,31684
Cyperaceae,Cladium,Cladium mariscus,10120
Lamiaceae,Clinopodium,Clinopodium acinos,1194
Lamiaceae,Clinopodium,Clinopodium vulgare,758
Brassicaceae,Cochlearia,Cochlearia danica,1234
Brassicaceae,Cochlearia,Cochlearia anglica,1234
Brassicaceae,Cochlearia,Cochlearia officinalis,3669
Rosaceae,Comarum,Comarum palustre,35883
Asparagaceae,Convallaria,Convallaria majalis,4224
Orchidaceae,Corallorhiza,Corallorhiza trifida,87
Cornaceae,Cornus,Cornus sanguinea,1869
Cornaceae,Cornus,Cornus suecica,287
Caryophyllaceae,Corrigiola,Corrigiola litoralis,35
Papaveraceae,Corydalis,Corydalis cava,1396
Papaveraceae,Corydalis,Corydalis intermedia,651
Papaveraceae,Corydalis,Corydalis pumila,310
Betulaceae,Corylus,Corylus avellana,18280
Poaceae,Corynephorus,Corynephorus canescens,12763
Rosaceae,Cotoneaster,Cotoneaster niger,30
Rosaceae,Cotoneaster,Cotoneaster integerrimus,31
Brassicaceae,Crambe,Crambe maritima,3487
Crassulaceae,Crassula,Crassula aquatica,1
Rosaceae,Crataegus,Crataegus laevigata,14174
Rosaceae,Crataegus,Crataegus monogyna,44172
Rosaceae,Crataegus,Crataegus rhipidophylla,166
Asteraceae,Crepis,Crepis paludosa,4241
Asteraceae,Crepis,Crepis praemorsa,5
Convolvulaceae,Cuscuta,Cuscuta epithymum,137
Convolvulaceae,Cuscuta,Cuscuta europaea,297
Poaceae,Cynosurus,Cynosurus cristatus,35399
Cyperaceae,Cyperus,Cyperus fuscus,29
Orchidaceae,Cypripedium,Cypripedium calceolus,76
Cystopteridaceae,Cystopteris,Cystopteris fragilis,58
Fabaceae,Cytisus,Cytisus scoparius,20835
Poaceae,Dactylis,Dactylis glomerata,94473
Poaceae,Dactylis,Dactylis glomerata,94473
Orchidaceae,Dactylorhiza,Dactylorhiza incarnata,3612
Orchidaceae,Dactylorhiza,Dactylorhiza incarnata,3612
Orchidaceae,Dactylorhiza,Dactylorhiza incarnata,3612
Orchidaceae,Dactylorhiza,Dactylorhiza maculata,4177
Orchidaceae,Dactylorhiza,Dactylorhiza maculata,4177
Orchidaceae,Dactylorhiza,Dactylorhiza majalis,11042
Orchidaceae,Dactylorhiza,Dactylorhiza majalis,11042
Orchidaceae,Dactylorhiza,Dactylorhiza majalis,11042
Orchidaceae,Dactylorhiza,Dactylorhiza majalis,11042
Orchidaceae,Dactylorhiza,Dactylorhiza sambucina,104
Poaceae,Danthonia,Danthonia decumbens,20608
Apiaceae,Daucus,Daucus carota,13893
Poaceae,Deschampsia,Deschampsia cespitosa,124236
Poaceae,Deschampsia,Deschampsia setacea,1060
Caryophyllaceae,Dianthus,Dianthus armeria,153
Caryophyllaceae,Dianthus,Dianthus deltoides,5626
Caryophyllaceae,Dianthus,Dianthus superbus,404
Caprifoliaceae,Dipsacus,Dipsacus pilosus,58
Brassicaceae,Draba,Draba incana,66
Brassicaceae,Draba,Draba verna,3069
Droseraceae,Drosera,Drosera anglica,210
Droseraceae,Drosera,Drosera intermedia,2801
Droseraceae,Drosera,Drosera rotundifolia,9705
Poaceae,Festuca,Festuca altissima,1087
Dryopteridaceae,Dryopteris,Dryopteris carthusiana,45860
Dryopteridaceae,Dryopteris,Dryopteris cristata,1635
Dryopteridaceae,Dryopteris,Dryopteris dilatata,21005
Dryopteridaceae,Dryopteris,Dryopteris expansa,489
Dryopteridaceae,Dryopteris,Dryopteris filix-mas,18976
Elatinaceae,Elatine,Elatine hexandra,30
Elatinaceae,Elatine,Elatine hydropiper,17
Cyperaceae,Eleocharis,Eleocharis acicularis,139
Cyperaceae,Eleocharis,Eleocharis multicaulis,3638
Cyperaceae,Eleocharis,Eleocharis palustris,20787
Cyperaceae,Eleocharis,Eleocharis quinqueflora,1728
Cyperaceae,Eleocharis,Eleocharis uniglumis,6237
Poaceae,Elymus,Elymus caninus,1868
Poaceae,Elymus,Elymus athericus,2438
Poaceae,Thinopyrum,Thinopyrum junceiforme,86
Poaceae,Elymus,Elymus repens,92135
Ericaceae,Empetrum,Empetrum nigrum,176586
Onagraceae,Epilobium,Epilobium hirsutum,68013
Onagraceae,Epilobium,Epilobium lamyi,1531
Onagraceae,Epilobium,Epilobium montanum,12698
Onagraceae,Epilobium,Epilobium obscurum,7563
Onagraceae,Epilobium,Epilobium palustre,43080
Onagraceae,Epilobium,Epilobium parviflorum,21544
Onagraceae,Epilobium,Epilobium roseum,760
Onagraceae,Epilobium,Epilobium tetragonum,4545
Orchidaceae,Epipactis,Epipactis atrorubens,49
Orchidaceae,Epipactis,Epipactis helleborine,5299
Orchidaceae,Epipactis,Epipactis helleborine,5299
Orchidaceae,Epipactis,Epipactis helleborine,5299
Orchidaceae,Epipactis,Epipactis leptochila,56
Orchidaceae,Epipactis,Epipactis palustris,2270
Orchidaceae,Epipactis,Epipactis phyllanthes,113
Orchidaceae,Epipactis,Epipactis purpurata,95
Orchidaceae,Epipogium,Epipogium aphyllum,22
Equisetaceae,Equisetum,Equisetum arvense,44670
Equisetaceae,Equisetum,Equisetum fluviatile,58618
Equisetaceae,Equisetum,Equisetum hyemale,1509
Equisetaceae,Equisetum,Equisetum palustre,43669
Equisetaceae,Equisetum,Equisetum pratense,2267
Equisetaceae,Equisetum,Equisetum sylvaticum,4925
Equisetaceae,Equisetum,Equisetum telmateia,2240
Equisetaceae,Equisetum,Equisetum variegatum,63
Ericaceae,Erica,Erica tetralix,62128
Asteraceae,Erigeron,Erigeron acris,2730
Cyperaceae,Eriophorum,Eriophorum angustifolium,67411
Cyperaceae,Eriophorum,Eriophorum gracile,2
Cyperaceae,Eriophorum,Eriophorum latifolium,177
Cyperaceae,Eriophorum,Eriophorum vaginatum,46652
Geraniaceae,Erodium,Erodium cicutarium,4471
Apiaceae,Eryngium,Eryngium maritimum,2147
Brassicaceae,Erysimum,Erysimum strictum,14
Celastraceae,Euonymus,Euonymus europaeus,7031
Asteraceae,Eupatorium,Eupatorium cannabinum,27438
Euphorbiaceae,Euphorbia,Euphorbia palustris,9
Orobanchaceae,Euphrasia,Euphrasia arctica,73
Orobanchaceae,Euphrasia,Euphrasia dunensis,29
Orobanchaceae,Euphrasia,Euphrasia micrantha,203
Orobanchaceae,Euphrasia,Euphrasia nemorosa,405
Orobanchaceae,Euphrasia,Euphrasia officinalis,27
Orobanchaceae,Euphrasia,Euphrasia vernalis,311
Orobanchaceae,Euphrasia,Euphrasia stricta,1820
Fagaceae,Fagus,Fagus sylvatica,70944
Polygonaceae,Fallopia,Fallopia dumetorum,336
Poaceae,Festuca,Festuca filiformis,16
Poaceae,Festuca,Festuca ovina,44412
Poaceae,Festuca,Festuca beckeri,36
Poaceae,Festuca,Festuca rubra,329288
Poaceae,Festuca,Festuca rubra,329288
Poaceae,Festuca,Festuca rubra,329288
Ranunculaceae,Ficaria,Ficaria ambigua,133
Ranunculaceae,Ficaria,Ficaria verna,11409
Rosaceae,Filipendula,Filipendula ulmaria,82687
Rosaceae,Filipendula,Filipendula vulgaris,7260
Rosaceae,Fragaria,Fragaria vesca,3380
Rosaceae,Fragaria,Fragaria viridis,1663
Rhamnaceae,Frangula,Frangula alnus,17456
Oleaceae,Fraxinus,Fraxinus excelsior,42571
Liliaceae,Gagea,Gagea lutea,1636
Liliaceae,Gagea,Gagea minima,70
Liliaceae,Gagea,Gagea pratensis,132
Liliaceae,Gagea,Gagea spathacea,555
Lamiaceae,Galeopsis,Galeopsis bifida,11421
Rubiaceae,Galium,Galium aparine,57386
Rubiaceae,Galium,Galium boreale,2618
Rubiaceae,Galium,Galium mollugo,14450
Rubiaceae,Galium,Galium odoratum,12266
Rubiaceae,Galium,Galium elongatum,1152
Rubiaceae,Galium,Galium palustre,68570
Rubiaceae,Galium,Galium saxatile,45667
Rubiaceae,Galium,Galium sterneri,511
Rubiaceae,Galium,Galium uliginosum,19448
Rubiaceae,Galium,Galium valdepilosum,7
Rubiaceae,Galium,Galium verum,54150
Fabaceae,Genista,Genista anglica,9561
Fabaceae,Genista,Genista germanica,1
Fabaceae,Genista,Genista pilosa,1217
Fabaceae,Genista,Genista tinctoria,988
Gentianaceae,Gentiana,Gentiana pneumonanthe,3051
Gentianaceae,Gentianella,Gentianella amarella,104
Gentianaceae,Gentianella,Gentianella campestris,171
Gentianaceae,Gentianella,Gentianella campestris,171
Gentianaceae,Gentianella,Gentianella campestris,171
Gentianaceae,Gentianella,Gentianella uliginosa,211
Geraniaceae,Geranium,Geranium columbinum,800
Geraniaceae,Geranium,Geranium lucidum,53
Geraniaceae,Geranium,Geranium palustre,289
Geraniaceae,Geranium,Geranium robertianum,13989
Geraniaceae,Geranium,Geranium purpureum,791
Geraniaceae,Geranium,Geranium sanguineum,8392
Geraniaceae,Geranium,Geranium sylvaticum,242
Rosaceae,Geum,Geum rivale,29771
Rosaceae,Geum,Geum urbanum,27862
Papaveraceae,Glaucium,Glaucium flavum,192
Lamiaceae,Glechoma,Glechoma hederacea,21791
Poaceae,Glyceria,Glyceria declinata,1763
Poaceae,Glyceria,Glyceria fluitans,45921
Poaceae,Glyceria,Glyceria maxima,27217
Poaceae,Glyceria,Glyceria notata,2850
Asteraceae,Gnaphalium,Gnaphalium sylvaticum,726
Asteraceae,Gnaphalium,Gnaphalium uliginosum,2541
Orchidaceae,Goodyera,Goodyera repens,193
Potamogetonaceae,Groenlandia,Groenlandia densa,14
Orchidaceae,Gymnadenia,Gymnadenia conopsea,52
Cystopteridaceae,Gymnocarpium,Gymnocarpium dryopteris,825
Orchidaceae,Hammarbya,Hammarbya paludosa,129
Araliaceae,Hedera,Hedera helix,7511
Cistaceae,Helianthemum,Helianthemum nummularium,896
Cistaceae,Helianthemum,Helianthemum nummularium,896
Asteraceae,Helichrysum,Helichrysum arenarium,2028
Apiaceae,Helosciadium,Helosciadium inundatum,564
Apiaceae,Helosciadium,Helosciadium repens,1
Ranunculaceae,Hepatica,Hepatica nobilis,1639
Apiaceae,Heracleum,Heracleum sphondylium,5101
Orchidaceae,Herminium,Herminium monorchis,92
Caryophyllaceae,Herniaria,Herniaria glabra,252
Asteraceae,Hieracium,Hieracium umbellatum,23846
Poaceae,Anthoxanthum,Anthoxanthum nitens,1113
Elaeagnaceae,Hippophae,Hippophae rhamnoides,10743
Plantaginaceae,Hippuris,Hippuris vulgaris,1844
Poaceae,Holcus,Holcus lanatus,176340
Poaceae,Holcus,Holcus mollis,28064
Caryophyllaceae,Holosteum,Holosteum umbellatum,14
Caryophyllaceae,Honckenya,Honckenya peploides,6772
Poaceae,Hordelymus,Hordelymus europaeus,2881
Poaceae,Hordeum,Hordeum marinum,7
Poaceae,Hordeum,Hordeum secalinum,191
Primulaceae,Hottonia,Hottonia palustris,4977
Cannabaceae,Humulus,Humulus lupulus,4904
Lycopodiaceae,Huperzia,Huperzia selago,50
Hydrocharitaceae,Hydrocharis,Hydrocharis morsus-ranae,3505
Araliaceae,Hydrocotyle,Hydrocotyle vulgaris,24199
Crassulaceae,Hylotelephium,Hylotelephium maximum,1883
Hypericaceae,Hypericum,Hypericum hirsutum,613
Hypericaceae,Hypericum,Hypericum humifusum,487
Hypericaceae,Hypericum,Hypericum maculatum,6754
Hypericaceae,Hypericum,Hypericum montanum,143
Hypericaceae,Hypericum,Hypericum perforatum,23739
Hypericaceae,Hypericum,Hypericum pulchrum,2031
Hypericaceae,Hypericum,Hypericum tetrapterum,6836
Asteraceae,Trommsdorffia,Trommsdorffia maculata,753
Asteraceae,Hypochaeris,Hypochaeris radicata,75245
Aquifoliaceae,Ilex,Ilex aquifolium,6514
Caryophyllaceae,Illecebrum,Illecebrum verticillatum,58
Balsaminaceae,Impatiens,Impatiens noli-tangere,3168
Asteraceae,Inula,Inula britannica,106
Asteraceae,Inula,Inula salicina,144
Iridaceae,Iris,Iris pseudacorus,37032
Iridaceae,Iris,Iris spuria,54
Brassicaceae,Isatis,Isatis tinctoria,112
Isoetaceae,Isoetes,Isoetes echinospora,21
Isoetaceae,Isoetes,Isoetes lacustris,39
Cyperaceae,Isolepis,Isolepis fluitans,442
Cyperaceae,Isolepis,Isolepis setacea,659
Asteraceae,Jacobaea,Jacobaea aquatica,3258
Asteraceae,Jacobaea,Jacobaea erucifolia,49
Asteraceae,Jacobaea,Jacobaea vulgaris,25326
Campanulaceae,Jasione,Jasione montana,22673
Juncaceae,Juncus,Juncus acutiflorus,381
Juncaceae,Juncus,Juncus alpinoarticulatus,103
Juncaceae,Juncus,Juncus articulatus,59149
Juncaceae,Juncus,Juncus balticus,1052
Juncaceae,Juncus,Juncus bufonius,8339
Juncaceae,Juncus,Juncus bulbosus,8538
Juncaceae,Juncus,Juncus capitatus,55
Juncaceae,Juncus,Juncus compressus,3118
Juncaceae,Juncus,Juncus conglomeratus,28416
Juncaceae,Juncus,Juncus effusus,168086
Juncaceae,Juncus,Juncus filiformis,5601
Juncaceae,Juncus,Juncus gerardi,36070
Juncaceae,Juncus,Juncus inflexus,4836
Juncaceae,Juncus,Juncus maritimus,1070
Juncaceae,Juncus,Juncus minutulus,155
Juncaceae,Juncus,Juncus pygmaeus,32
Juncaceae,Juncus,Juncus ranarius,502
Juncaceae,Juncus,Juncus squarrosus,9502
Juncaceae,Juncus,Juncus subnodulosus,9412
Cupressaceae,Juniperus,Juniperus communis,27717
Caprifoliaceae,Knautia,Knautia arvensis,29577
Poaceae,Koeleria,Koeleria glauca,874
Poaceae,Koeleria,Koeleria pyramidata,521
Asteraceae,Mycelis,Mycelis muralis,4230
Lamiaceae,Lamium,Lamium galeobdolon,8454
Asteraceae,Lapsana,Lapsana communis,6481
Apiaceae,Laserpitium,Laserpitium latifolium,27
Orobanchaceae,Lathraea,Lathraea squamaria,472
Fabaceae,Lathyrus,Lathyrus japonicus,3904
Fabaceae,Lathyrus,Lathyrus linifolius,8668
Fabaceae,Lathyrus,Lathyrus niger,75
Fabaceae,Lathyrus,Lathyrus palustris,771
Fabaceae,Lathyrus,Lathyrus pratensis,30472
Fabaceae,Lathyrus,Lathyrus sphaericus,108
Fabaceae,Lathyrus,Lathyrus sylvestris,1147
Fabaceae,Lathyrus,Lathyrus vernus,200
Poaceae,Leersia,Leersia oryzoides,1
Araceae,Lemna,Lemna gibba,900
Araceae,Lemna,Lemna minor,50957
Araceae,Lemna,Lemna trisulca,15057
Asteraceae,Leontodon,Leontodon hispidus,1259
Asteraceae,Leucanthemum,Leucanthemum vulgare,11872
Poaceae,Leymus,Leymus arenarius,10243
Apiaceae,Ligusticum,Ligusticum scothicum,55
Plumbaginaceae,Limonium,Limonium humile,323
Plumbaginaceae,Limonium,Limonium vulgare,2711
Scrophulariaceae,Limosella,Limosella aquatica,26
Plantaginaceae,Linaria,Linaria vulgaris,16513
Caprifoliaceae,Linnaea,Linnaea borealis,162
Linaceae,Linum,Linum catharticum,4285
Boraginaceae,Lithospermum,Lithospermum officinale,179
Campanulaceae,Lobelia,Lobelia dortmanna,371
Asteraceae,Logfia,Logfia minima,1463
Poaceae,Lolium,Lolium perenne,86135
Caprifoliaceae,Lonicera,Lonicera periclymenum,24764
Caprifoliaceae,Lonicera,Lonicera xylosteum,4028
Fabaceae,Lotus,Lotus corniculatus,33022
Fabaceae,Lotus,Lotus pedunculatus,51647
Fabaceae,Lotus,Lotus pedunculatus,51647
Fabaceae,Lotus,Lotus tenuis,3898
Brassicaceae,Lunaria,Lunaria rediviva,29
Alismataceae,Luronium,Luronium natans,70
Juncaceae,Luzula,Luzula campestris,50825
Juncaceae,Luzula,Luzula congesta,1338
Juncaceae,Luzula,Luzula multiflora,22629
Juncaceae,Luzula,Luzula pilosa,9943
Juncaceae,Luzula,Luzula sylvatica,952
Caryophyllaceae,Silene,Silene flos-cuculi,28213
Lycopodiaceae,Lycopodiella,Lycopodiella inundata,1046
Lycopodiaceae,Spinulum,Spinulum annotinum,1161
Lycopodiaceae,Lycopodium,Lycopodium clavatum,1263
Lycopodiaceae,Diphasiastrum,Diphasiastrum complanatum,20
Lycopodiaceae,Diphasiastrum,Diphasiastrum tristachyum,75
Lamiaceae,Lycopus,Lycopus europaeus,46125
Primulaceae,Lysimachia,Lysimachia europaea,13750
Primulaceae,Lysimachia,Lysimachia maritima,16976
Primulaceae,Lysimachia,Lysimachia minima,69
Primulaceae,Lysimachia,Lysimachia nemorum,905
Primulaceae,Lysimachia,Lysimachia nummularia,4965
Primulaceae,Lysimachia,Lysimachia thyrsiflora,13247
Primulaceae,Lysimachia,Lysimachia vulgaris,39637
Lythraceae,Lythrum,Lythrum portula,498
Lythraceae,Lythrum,Lythrum salicaria,23890
Asparagaceae,Maianthemum,Maianthemum bifolium,7487
Rosaceae,Malus,Malus sylvestris,2810
Malvaceae,Malva,Malva alcea,457
Onocleaceae,Matteuccia,Matteuccia struthiopteris,957
Fabaceae,Medicago,Medicago lupulina,15014
Fabaceae,Medicago,Medicago minima,391
Fabaceae,Medicago,Medicago sativa,3057
Orobanchaceae,Melampyrum,Melampyrum arvense,1203
Orobanchaceae,Melampyrum,Melampyrum cristatum,175
Orobanchaceae,Melampyrum,Melampyrum nemorosum,154
Orobanchaceae,Melampyrum,Melampyrum pratense,4132
Orobanchaceae,Melampyrum,Melampyrum sylvaticum,95
Poaceae,Melica,Melica nutans,171
Poaceae,Melica,Melica uniflora,10218
Fabaceae,Melilotus,Melilotus altissimus,528
Fabaceae,Melilotus,Melilotus dentatus,99
Lamiaceae,Mentha,Mentha aquatica,49591
Lamiaceae,Mentha,Mentha arvensis,1369
Menyanthaceae,Menyanthes,Menyanthes trifoliata,15397
Euphorbiaceae,Mercurialis,Mercurialis perennis,6764
Boraginaceae,Mertensia,Mertensia maritima,3
Poaceae,Milium,Milium effusum,12791
Caryophyllaceae,Moehringia,Moehringia trinervia,2921
Poaceae,Molinia,Molinia caerulea,169392
Ericaceae,Moneses,Moneses uniflora,29
Ericaceae,Hypopitys,Hypopitys hypophegea,35
Ericaceae,Hypopitys,Hypopitys monotropa,217
Montiaceae,Montia,Montia fontana,606
Montiaceae,Montia,Montia arvensis,179
Boraginaceae,Myosotis,Myosotis discolor,2309
Boraginaceae,Myosotis,Myosotis laxa,14429
Boraginaceae,Myosotis,Myosotis ramosissima,2769
Boraginaceae,Myosotis,Myosotis scorpioides,31096
Boraginaceae,Myosotis,Myosotis stricta,638
Boraginaceae,Myosotis,Myosotis sylvatica,1057
Caryophyllaceae,Stellaria,Stellaria aquatica,673
Ranunculaceae,Myosurus,Myosurus minimus,406
Myricaceae,Myrica,Myrica gale,26896
Haloragaceae,Myriophyllum,Myriophyllum alterniflorum,314
Haloragaceae,Myriophyllum,Myriophyllum spicatum,1173
Haloragaceae,Myriophyllum,Myriophyllum verticillatum,268
Hydrocharitaceae,Najas,Najas flexilis,8
Hydrocharitaceae,Najas,Najas marina,34
Poaceae,Nardus,Nardus stricta,26436
Nartheciaceae,Narthecium,Narthecium ossifragum,7628
Brassicaceae,Nasturtium,Nasturtium microphyllum,1241
Brassicaceae,Nasturtium,Nasturtium officinale,677
Orchidaceae,Neotinea,Neotinea ustulata,40
Orchidaceae,Neottia,Neottia cordata,116
Orchidaceae,Neottia,Neottia nidus-avis,465
Orchidaceae,Neottia,Neottia ovata,1434
Nymphaeaceae,Nuphar,Nuphar lutea,2328
Nymphaeaceae,Nuphar,Nuphar pumila,51
Nymphaeaceae,Nymphaea,Nymphaea alba,4318
Orobanchaceae,Odontites,Odontites litoralis,212
Orobanchaceae,Odontites,Odontites vernus,2237
Apiaceae,Oenanthe,Oenanthe aquatica,1696
Apiaceae,Oenanthe,Oenanthe fistulosa,953
Apiaceae,Oenanthe,Oenanthe fluviatilis,122
Apiaceae,Oenanthe,Oenanthe lachenalii,912
Fabaceae,Ononis,Ononis arvensis,159
Fabaceae,Ononis,Ononis spinosa,17193
Fabaceae,Ononis,Ononis spinosa,17193
Ophioglossaceae,Ophioglossum,Ophioglossum vulgatum,1403
Orchidaceae,Ophrys,Ophrys insectifera,95
Orchidaceae,Orchis,Orchis mascula,1607
Orchidaceae,Orchis,Orchis militaris,22
Orchidaceae,Orchis,Orchis purpurea,473
Lamiaceae,Origanum,Origanum vulgare,5464
Fabaceae,Ornithopus,Ornithopus perpusillus,4074
Orobanchaceae,Orobanche,Orobanche elatior,117
Orobanchaceae,Orobanche,Orobanche picridis,6
Orobanchaceae,Orobanche,Orobanche reticulata,7
Ericaceae,Orthilia,Orthilia secunda,90
Osmundaceae,Osmunda,Osmunda regalis,353
Oxalidaceae,Oxalis,Oxalis acetosella,16706
Amaranthaceae,Oxybasis,Oxybasis chenopodioides,358
Amaranthaceae,Oxybasis,Oxybasis glauca,762
Amaranthaceae,Oxybasis,Oxybasis rubra,437
Poaceae,Parapholis,Parapholis strigosa,187
Melanthiaceae,Paris,Paris quadrifolia,1619
Parnassiaceae,Parnassia,Parnassia palustris,1572
Orobanchaceae,Pedicularis,Pedicularis palustris,2075
Orobanchaceae,Pedicularis,Pedicularis sylvatica,2708
Polygonaceae,Persicaria,Persicaria amphibia,48389
Polygonaceae,Persicaria,Persicaria hydropiper,5758
Polygonaceae,Persicaria,Persicaria lapathifolia,2794
Polygonaceae,Persicaria,Persicaria minor,633
Asteraceae,Petasites,Petasites albus,338
Asteraceae,Petasites,Petasites spurius,180
Caryophyllaceae,Petrorhagia,Petrorhagia prolifera,582
Apiaceae,Oreoselinum,Oreoselinum nigrum,28
Poaceae,Phalaris,Phalaris arundinacea,62535
Thelypteridaceae,Phegopteris,Phegopteris connectilis,426
Poaceae,Phleum,Phleum arenarium,588
Poaceae,Phleum,Phleum phleoides,1317
Poaceae,Phragmites,Phragmites australis,148675
Campanulaceae,Phyteuma,Phyteuma spicatum,828
Asteraceae,Picris,Picris hieracioides,302
Asteraceae,Pilosella,Pilosella cymosa,55
Asteraceae,Pilosella,Pilosella lactucella,1432
Asteraceae,Pilosella,Pilosella officinarum,1823
Asteraceae,Pilosella,Pilosella peleteriana,139
Marsileaceae,Pilularia,Pilularia globulifera,187
Apiaceae,Pimpinella,Pimpinella major,149
Apiaceae,Pimpinella,Pimpinella saxifraga,18991
Lentibulariaceae,Pinguicula,Pinguicula vulgaris,1347
Plantaginaceae,Plantago,Plantago coronopus,2182
Plantaginaceae,Plantago,Plantago lanceolata,91600
Plantaginaceae,Plantago,Plantago uliginosa,1879
Plantaginaceae,Plantago,Plantago maritima,26137
Plantaginaceae,Plantago,Plantago media,3251
Orchidaceae,Platanthera,Platanthera bifolia,844
Orchidaceae,Platanthera,Platanthera bifolia,844
Orchidaceae,Platanthera,Platanthera chlorantha,1453
Poaceae,Poa,Poa bulbosa,34
Poaceae,Poa,Poa compressa,4395
Poaceae,Poa,Poa nemoralis,5984
Poaceae,Poa,Poa palustris,1361
Poaceae,Poa,Poa pratensis,104586
Poaceae,Poa,Poa humilis,1380
Poaceae,Poa,Poa remota,57
Poaceae,Poa,Poa supina,20
Poaceae,Poa,Poa trivialis,112941
Polygalaceae,Polygala,Polygala amarella,105
Polygalaceae,Polygala,Polygala serpyllifolia,662
Polygalaceae,Polygala,Polygala vulgaris,5638
Asparagaceae,Polygonatum,Polygonatum multiflorum,5017
Asparagaceae,Polygonatum,Polygonatum odoratum,237
Asparagaceae,Polygonatum,Polygonatum verticillatum,178
Polygonaceae,Polygonum,Polygonum aviculare,10335
Polygonaceae,Polygonum,Polygonum aviculare,10335
Polygonaceae,Polygonum,Polygonum aviculare,10335
Polygonaceae,Polygonum,Polygonum oxyspermum,8
Polygonaceae,Polygonum,Polygonum norvegicum,3
Polypodiaceae,Polypodium,Polypodium vulgare,21977
Dryopteridaceae,Polystichum,Polystichum aculeatum,17
Salicaceae,Populus,Populus tremula,17723
Potamogetonaceae,Potamogeton,Potamogeton acutifolius,32
Potamogetonaceae,Potamogeton,Potamogeton alpinus,230
Potamogetonaceae,Potamogeton,Potamogeton berchtoldii,2510
Potamogetonaceae,Potamogeton,Potamogeton coloratus,63
Potamogetonaceae,Potamogeton,Potamogeton compressus,69
Potamogetonaceae,Potamogeton,Potamogeton crispus,1296
Potamogetonaceae,Potamogeton,Potamogeton friesii,95
Potamogetonaceae,Potamogeton,Potamogeton gramineus,111
Potamogetonaceae,Potamogeton,Potamogeton lucens,97
Potamogetonaceae,Potamogeton,Potamogeton natans,15867
Potamogetonaceae,Potamogeton,Potamogeton obtusifolius,1423
Potamogetonaceae,Potamogeton,Potamogeton perfoliatus,221
Potamogetonaceae,Potamogeton,Potamogeton polygonifolius,2750
Potamogetonaceae,Potamogeton,Potamogeton praelongus,67
Potamogetonaceae,Potamogeton,Potamogeton pusillus,287
Potamogetonaceae,Potamogeton,Potamogeton trichoides,16
Rosaceae,Potentilla,Potentilla anglica,320
Rosaceae,Potentilla,Potentilla argentea,6007
Rosaceae,Potentilla,Potentilla erecta,65228
Rosaceae,Potentilla,Potentilla heptaphylla,434
Rosaceae,Potentilla,Potentilla neglecta,320
Rosaceae,Potentilla,Potentilla norvegica,14
Rosaceae,Potentilla,Potentilla reptans,23288
Rosaceae,Potentilla,Potentilla sterilis,198
Rosaceae,Potentilla,Potentilla sterneri,1
Rosaceae,Potentilla,Potentilla subarenaria,78
Rosaceae,Potentilla,Potentilla verna,313
Primulaceae,Primula,Primula elatior,2054
Primulaceae,Primula,Primula farinosa,188
Primulaceae,Primula,Primula veris,8622
Primulaceae,Primula,Primula vulgaris,1164
Lamiaceae,Prunella,Prunella grandiflora,11
Lamiaceae,Prunella,Prunella vulgaris,24743
Rosaceae,Prunus,Prunus avium,10166
Rosaceae,Prunus,Prunus padus,9627
Rosaceae,Prunus,Prunus spinosa,24657
Orchidaceae,Pseudorchis,Pseudorchis albida,11
Dennstaedtiaceae,Pteridium,Pteridium aquilinum,6378
Poaceae,Puccinellia,Puccinellia distans,2434
Poaceae,Puccinellia,Puccinellia maritima,21219
Asteraceae,Pulicaria,Pulicaria dysenterica,257
Boraginaceae,Pulmonaria,Pulmonaria angustifolia,12
Boraginaceae,Pulmonaria,Pulmonaria obscura,1045
Boraginaceae,Pulmonaria,Pulmonaria officinalis,67
Ranunculaceae,Pulsatilla,Pulsatilla pratensis,2983
Ranunculaceae,Pulsatilla,Pulsatilla vernalis,95
Ranunculaceae,Pulsatilla,Pulsatilla vulgaris,1030
Ericaceae,Pyrola,Pyrola chlorantha,5
Ericaceae,Pyrola,Pyrola media,24
Ericaceae,Pyrola,Pyrola minor,705
Ericaceae,Pyrola,Pyrola rotundifolia,313
Fagaceae,Quercus,Quercus petraea,3680
Fagaceae,Quercus,Quercus robur,92394
Linaceae,Radiola,Radiola linoides,261
Ranunculaceae,Ranunculus,Ranunculus acris,66800
Ranunculaceae,Ranunculus,Ranunculus aquatilis,2020
Ranunculaceae,Ranunculus,Ranunculus trichophyllus,254
Ranunculaceae,Ranunculus,Ranunculus auricomus,2242
Ranunculaceae,Ranunculus,Ranunculus bulbosus,21252
Ranunculaceae,Ranunculus,Ranunculus circinatus,178
Ranunculaceae,Ranunculus,Ranunculus flammula,25004
Ranunculaceae,Ranunculus,Ranunculus hederaceus,358
Ranunculaceae,Ranunculus,Ranunculus lanuginosus,231
Ranunculaceae,Ranunculus,Ranunculus lingua,3541
Ranunculaceae,Ranunculus,Ranunculus peltatus,1245
Ranunculaceae,Ranunculus,Ranunculus peltatus,1245
Ranunculaceae,Ranunculus,Ranunculus penicillatus,8
Ranunculaceae,Ranunculus,Ranunculus penicillatus,8
Ranunculaceae,Ranunculus,Ranunculus polyanthemos,145
Ranunculaceae,Ranunculus,Ranunculus repens,109212
Ranunculaceae,Ranunculus,Ranunculus reptans,89
Ranunculaceae,Ranunculus,Ranunculus sardous,1476
Ranunculaceae,Ranunculus,Ranunculus sceleratus,14281
Rhamnaceae,Rhamnus,Rhamnus cathartica,1730
Orobanchaceae,Rhinanthus,Rhinanthus minor,5418
Ericaceae,Rhododendron,Rhododendron tomentosum,8
Cyperaceae,Rhynchospora,Rhynchospora alba,10017
Cyperaceae,Rhynchospora,Rhynchospora fusca,1478
Grossulariaceae,Ribes,Ribes alpinum,1895
Grossulariaceae,Ribes,Ribes nigrum,7055
Grossulariaceae,Ribes,Ribes spicatum,2077
Brassicaceae,Rorippa,Rorippa amphibia,1456
Brassicaceae,Rorippa,Rorippa palustris,3265
Brassicaceae,Rorippa,Rorippa sylvestris,361
Rosaceae,Rosa,Rosa agrestis,125
Rosaceae,Rosa,Rosa balsamica,242
Rosaceae,Rosa,Rosa canina,14552
Rosaceae,Rosa,Rosa caesia,600
Rosaceae,Rosa,Rosa dumalis,4401
Rosaceae,Rosa,Rosa inodora,75
Rosaceae,Rosa,Rosa mollis,954
Rosaceae,Rosa,Rosa rubiginosa,2645
Rosaceae,Rosa,Rosa sherardii,421
Rosaceae,Rosa,Rosa spinosissima,4653
Rosaceae,Rosa,Rosa tomentosa,31
Rosaceae,Rubus,Rubus caesius,12401
Rosaceae,Rubus,Rubus chamaemorus,498
Rosaceae,Rubus,Rubus idaeus,45283
Rosaceae,Rubus,Rubus saxatilis,347
Polygonaceae,Rumex,Rumex acetosa,111166
Polygonaceae,Rumex,Rumex acetosella,46186
Polygonaceae,Rumex,Rumex aquaticus,461
Polygonaceae,Rumex,Rumex conglomeratus,4321
Polygonaceae,Rumex,Rumex crispus,62434
Polygonaceae,Rumex,Rumex bryhnii,27
Polygonaceae,Rumex,Rumex hydrolapathum,15770
Polygonaceae,Rumex,Rumex maritimus,876
Polygonaceae,Rumex,Rumex palustris,225
Polygonaceae,Rumex,Rumex sanguineus,5658
Polygonaceae,Rumex,Rumex thyrsiflorus,8012
Ruppiaceae,Ruppia,Ruppia cirrhosa,171
Ruppiaceae,Ruppia,Ruppia maritima,178
Caryophyllaceae,Sagina,Sagina maritima,448
Caryophyllaceae,Sagina,Sagina nodosa,1623
Caryophyllaceae,Sagina,Sagina procumbens,4496
Caryophyllaceae,Sagina,Sagina subulata,23
Alismataceae,Sagittaria,Sagittaria sagittifolia,191
Amaranthaceae,Salicornia,Salicornia europaea,8419
Salicaceae,Salix,Salix aurita,25599
Salicaceae,Salix,Salix caprea,7163
Salicaceae,Salix,Salix cinerea,103599
Salicaceae,Salix,Salix hastata,1302
Salicaceae,Salix,Salix myrsinifolia,169
Salicaceae,Salix,Salix pentandra,7588
Salicaceae,Salix,Salix repens,56400
Primulaceae,Samolus,Samolus valerandi,854
Apiaceae,Sanicula,Sanicula europaea,1397
Saxifragaceae,Saxifraga,Saxifraga granulata,6973
Saxifragaceae,Saxifraga,Saxifraga hirculus,237
Saxifragaceae,Saxifraga,Saxifraga tridactylites,386
Caprifoliaceae,Scabiosa,Scabiosa canescens,99
Caprifoliaceae,Scabiosa,Scabiosa columbaria,1480
Poaceae,Lolium,Lolium giganteum,3697
Poaceae,Lolium,Lolium pratense,21651
Scheuchzeriaceae,Scheuchzeria,Scheuchzeria palustris,130
Cyperaceae,Schoenoplectus,Schoenoplectus lacustris,3730
Cyperaceae,Bolboschoenus,Bolboschoenus maritimus,23474
Cyperaceae,Schoenoplectus,Schoenoplectus tabernaemontani,9161
Cyperaceae,Schoenus,Schoenus ferrugineus,89
Cyperaceae,Schoenus,Schoenus nigricans,153
Cyperaceae,Scirpus,Scirpus sylvaticus,17693
Caryophyllaceae,Scleranthus,Scleranthus annuus,1352
Caryophyllaceae,Scleranthus,Scleranthus perennis,847
Asteraceae,Scorzonera,Scorzonera humilis,2978
Asteraceae,Scorzoneroides,Scorzoneroides autumnalis,32085
Scrophulariaceae,Scrophularia,Scrophularia nodosa,4859
Scrophulariaceae,Scrophularia,Scrophularia umbrosa,1105
Lamiaceae,Scutellaria,Scutellaria galericulata,19000
Lamiaceae,Scutellaria,Scutellaria hastifolia,2
Crassulaceae,Sedum,Sedum acre,9830
Crassulaceae,Sedum,Sedum album,585
Crassulaceae,Sedum,Sedum sexangulare,55
Selaginellaceae,Selaginella,Selaginella selaginoides,58
Apiaceae,Selinum,Selinum carvifolia,2146
Apiaceae,Selinum,Selinum dubium,12
Asteraceae,Senecio,Senecio sylvaticus,3577
Asteraceae,Senecio,Senecio vulgaris,4911
Asteraceae,Serratula,Serratula tinctoria,216
Apiaceae,Seseli,Seseli libanotis,507
Caryophyllaceae,Silene,Silene dioica,7539
Caryophyllaceae,Silene,Silene nutans,3734
Caryophyllaceae,Silene,Silene otites,396
Caryophyllaceae,Silene,Silene uniflora,148
Caryophyllaceae,Silene,Silene viscosa,157
Caryophyllaceae,Silene,Silene vulgaris,7016
Apiaceae,Sium,Sium latifolium,3260
Solanaceae,Solanum,Solanum dulcamara,40908
Asteraceae,Solidago,Solidago virgaurea,10390
Asteraceae,Sonchus,Sonchus arvensis,10472
Asteraceae,Sonchus,Sonchus palustris,4620
Rosaceae,Sorbus,Sorbus aucuparia,46416
Rosaceae,Aria,Aria rupicola,12
Rosaceae,Torminalis,Torminalis glaberrima,120
Typhaceae,Sparganium,Sparganium angustifolium,209
Typhaceae,Sparganium,Sparganium emersum,2987
Typhaceae,Sparganium,Sparganium erectum,17201
Typhaceae,Sparganium,Sparganium natans,661
Caryophyllaceae,Spergula,Spergula morisonii,49
Caryophyllaceae,Spergularia,Spergularia marina,4848
Caryophyllaceae,Spergularia,Spergularia media,6707
Caryophyllaceae,Spergularia,Spergularia rubra,1289
Amaranthaceae,Spirobassia,Spirobassia hirsuta,759
Araceae,Spirodela,Spirodela polyrhiza,5563
Lamiaceae,Stachys,Stachys palustris,16375
Lamiaceae,Stachys,Stachys sylvatica,6937
Caryophyllaceae,Stellaria,Stellaria alsine,10313
Caryophyllaceae,Stellaria,Stellaria crassifolia,76
Caryophyllaceae,Stellaria,Stellaria graminea,48215
Caryophyllaceae,Rabelera,Rabelera holostea,19857
Caryophyllaceae,Stellaria,Stellaria media,13921
Caryophyllaceae,Stellaria,Stellaria neglecta,378
Caryophyllaceae,Stellaria,Stellaria nemorum,1227
Caryophyllaceae,Stellaria,Stellaria apetala,1333
Caryophyllaceae,Stellaria,Stellaria palustris,11273
Hydrocharitaceae,Stratiotes,Stratiotes aloides,981
Potamogetonaceae,Stuckenia,Stuckenia filiformis,66
Potamogetonaceae,Stuckenia,Stuckenia pectinata,1296
Amaranthaceae,Suaeda,Suaeda maritima,6209
Brassicaceae,Subularia,Subularia aquatica,4
Caprifoliaceae,Succisa,Succisa pratensis,19420
Asteraceae,Tanacetum,Tanacetum vulgare,20048
Taxaceae,Taxus,Taxus baccata,968
Brassicaceae,Teesdalia,Teesdalia nudicaulis,6002
Asteraceae,Tephroseris,Tephroseris integrifolia,86
Asteraceae,Tephroseris,Tephroseris palustris,253
Fabaceae,Lotus,Lotus maritimus,551
Lamiaceae,Teucrium,Teucrium scordium,70
Ranunculaceae,Thalictrum,Thalictrum flavum,3364
Ranunculaceae,Thalictrum,Thalictrum minus,2889
Ranunculaceae,Thalictrum,Thalictrum simplex,138
Thelypteridaceae,Oreopteris,Oreopteris limbosperma,123
Thelypteridaceae,Thelypteris,Thelypteris palustris,6890
Lamiaceae,Thymus,Thymus pulegioides,3980
Lamiaceae,Thymus,Thymus serpyllum,4978
Malvaceae,Tilia,Tilia cordata,1434
Malvaceae,Tilia,Tilia platyphyllos,656
Apiaceae,Torilis,Torilis japonica,4219
Cyperaceae,Trichophorum,Trichophorum alpinum,59
Cyperaceae,Trichophorum,Trichophorum cespitosum,9426
Fabaceae,Trifolium,Trifolium alpestre,211
Fabaceae,Trifolium,Trifolium arvense,14312
Fabaceae,Trifolium,Trifolium campestre,16434
Fabaceae,Trifolium,Trifolium dubium,13632
Fabaceae,Trifolium,Trifolium fragiferum,7275
Fabaceae,Trifolium,Trifolium medium,17018
Fabaceae,Trifolium,Trifolium micranthum,43
Fabaceae,Trifolium,Trifolium montanum,3
Fabaceae,Trifolium,Trifolium pratense,32930
Fabaceae,Trifolium,Trifolium repens,86267
Juncaginaceae,Triglochin,Triglochin maritima,15349
Juncaginaceae,Triglochin,Triglochin palustris,13525
Asteraceae,Tripleurospermum,Tripleurospermum maritimum,2857
Asteraceae,Tripolium,Tripolium pannonicum,14894
Ranunculaceae,Trollius,Trollius europaeus,1571
Brassicaceae,Turritis,Turritis glabra,665
Asteraceae,Tussilago,Tussilago farfara,8215
Typhaceae,Typha,Typha angustifolia,10099
Typhaceae,Typha,Typha latifolia,62497
Ulmaceae,Ulmus,Ulmus glabra,12690
Ulmaceae,Ulmus,Ulmus laevis,51
Ulmaceae,Ulmus,Ulmus minor,271
Urticaceae,Urtica,Urtica dioica,142946
Urticaceae,Urtica,Urtica kioviensis,50
Lentibulariaceae,Utricularia,Utricularia australis,476
Lentibulariaceae,Utricularia,Utricularia intermedia,356
Lentibulariaceae,Utricularia,Utricularia minor,604
Lentibulariaceae,Utricularia,Utricularia ochroleuca,37
Lentibulariaceae,Utricularia,Utricularia vulgaris,609
Ericaceae,Vaccinium,Vaccinium myrtillus,17152
Ericaceae,Vaccinium,Vaccinium oxycoccos,26735
Ericaceae,Vaccinium,Vaccinium uliginosum,31458
Ericaceae,Vaccinium,Vaccinium vitis-idaea,31751
Caprifoliaceae,Valeriana,Valeriana dioica,3828
Caprifoliaceae,Valeriana,Valeriana officinalis,994
Caprifoliaceae,Valeriana,Valeriana excelsa,1636
Caprifoliaceae,Valeriana,Valeriana sambucifolia,32963
Caprifoliaceae,Valerianella,Valerianella locusta,1649
Scrophulariaceae,Verbascum,Verbascum densiflorum,764
Scrophulariaceae,Verbascum,Verbascum nigrum,1872
Scrophulariaceae,Verbascum,Verbascum thapsus,1272
Plantaginaceae,Veronica,Veronica anagallis-aquatica,1758
Plantaginaceae,Veronica,Veronica arvensis,6183
Plantaginaceae,Veronica,Veronica beccabunga,14540
Plantaginaceae,Veronica,Veronica catenata,1679
Plantaginaceae,Veronica,Veronica chamaedrys,36378
Plantaginaceae,Veronica,Veronica sublobata,1531
Plantaginaceae,Veronica,Veronica montana,3061
Plantaginaceae,Veronica,Veronica officinalis,18105
Plantaginaceae,Veronica,Veronica scutellata,2885
Plantaginaceae,Veronica,Veronica serpyllifolia,5470
Plantaginaceae,Veronica,Veronica spicata,642
Plantaginaceae,Veronica,Veronica verna,74
Viburnaceae,Viburnum,Viburnum opulus,6993
Fabaceae,Vicia,Vicia cassubica,69
Fabaceae,Vicia,Vicia cracca,62468
Fabaceae,Vicia,Vicia dumetorum,67
Fabaceae,Vicia,Vicia hirsuta,8651
Fabaceae,Vicia,Vicia lathyroides,2198
Fabaceae,Vicia,Vicia orobus,144
Fabaceae,Vicia,Vicia sativa,17379
Fabaceae,Vicia,Vicia sepium,2897
Fabaceae,Vicia,Vicia sylvatica,263
Fabaceae,Vicia,Vicia tenuifolia,126
Fabaceae,Vicia,Vicia tetrasperma,1028
Apocynaceae,Vincetoxicum,Vincetoxicum hirundinaria,1035
Violaceae,Viola,Viola canina,10402
Violaceae,Viola,Viola epipsila,15
Violaceae,Viola,Viola hirta,2566
Violaceae,Viola,Viola mirabilis,83
Violaceae,Viola,Viola palustris,20025
Violaceae,Viola,Viola reichenbachiana,3180
Violaceae,Viola,Viola riviniana,5062
Violaceae,Viola,Viola stagnina,199
Violaceae,Viola,Viola tricolor,7639
Violaceae,Viola,Viola uliginosa,28
Caryophyllaceae,Viscaria,Viscaria vulgaris,1202
Poaceae,Festuca,Festuca bromoides,474
Potamogetonaceae,Zannichellia,Zannichellia palustris,361
Zosteraceae,Zostera,Zostera angustifolia,41
Zosteraceae,Zostera,Zostera marina,416
Zosteraceae,Zostera,Zostera noltii,68
